,Algorithm,Generate KDTree (s),Query k=5 (s),Query k=10 (s),Query k=50 (s)
0,KDTree,13.71279361259658,0.0,0.0,0.0
1,cKDTree,5.366142310202122,4.522634393995395,6.402063184400322,20.175941653200425
2,sklearnKDTree,6.173419166001258,8.041972957202233,10.117016386799515,27.08412386060227
3,pyKDTree,0.34823603340191767,0.6468447102000937,0.9081137229979503,4.030055401404388
4,pyflannKDTree,0.7847014261991717,0.5939572148025036,0.8613015123992227,4.332813300198177
5,cyflannKDTree,0.833025874797022,0.5921671724005136,0.9096231981995515,3.532452520803781
